observed_utc,ticker,exchange,pm_change_pct,pm_price,pm_volume,quote_utc,bid,bid_size,ask,ask_size,bid_exchange,ask_exchange,quote_age_sec,quote_status
2026-10-01T08:10:21.019400+00:00,CNTB,NASDAQ,89.56653225806453,1.8805,90180008,2026-09-30T20:54:11.044138509Z,1.04,1000,1.21,300,V,V,40570.0,two-sided
2026-10-01T08:10:21.019400+00:00,VBIO,NASDAQ,41.69611307420494,4.01,26826536,2026-09-30T20:00:00.168083398Z,2.39,100,3.22,100,V,V,43820.9,two-sided
2026-10-01T08:10:21.019400+00:00,TGE,NYSE,26.506024096385556,1.05,22199837,2026-09-30T20:59:31.059260574Z,1.49,500,1.65,400,V,V,40250.0,two-sided
2026-10-01T08:10:21.019400+00:00,BTTC,NASDAQ,12.591792656587463,0.5213,16217548,2026-09-30T20:52:39.171038998Z,0.52,400,0.665,500,V,V,40661.8,two-sided
2026-10-01T08:10:21.019400+00:00,FFR,NASDAQ,30.6930693069307,1.32,10369436,2026-09-30T20:00:01.184883148Z,1.12,100,1.51,100,V,V,43819.8,two-sided
2026-10-01T08:10:21.019400+00:00,NCI,NASDAQ,40.476190476190474,1.77,7356704,2026-09-30T20:00:03.903857397Z,1.08,100,0,0,V, ,43817.1,missing side
2026-10-01T08:10:21.019400+00:00,GCDT,AMEX,9.452830188679231,0.5801,4931219,2026-09-30T20:00:02.603150176Z,0.4214,100,0,0,V, ,43818.4,missing side
2026-10-01T08:10:21.019400+00:00,WETO,NASDAQ,23.636363636363637,1.36,4731835,2026-09-30T20:00:00.012477648Z,0.8772,100,1.17,100,V,V,43821.0,two-sided
2026-10-01T08:10:21.019400+00:00,QCLS,NASDAQ,6.168140602261283,0.9484,3898818,2026-09-30T20:00:00.0825007Z,0.7156,100,0.9918,100,V,V,43820.9,two-sided
2026-10-01T08:10:21.019400+00:00,NAUT,NASDAQ,7.692307692307692,1.47,3189030,2026-09-30T20:01:00.091216517Z,1.42,300,1.43,300,V,V,43760.9,two-sided
2026-10-01T08:10:21.019400+00:00,BIYA,NASDAQ,20.00000000000001,2.46,2219629,2026-09-30T20:00:02.61682272Z,1.67,100,0,0,V, ,43818.4,missing side
2026-10-01T08:10:21.019400+00:00,NCPL,NASDAQ,15.54918032786885,1.4097,1552594,2026-09-30T20:00:41.710891517Z,1.23,100,0,0,V, ,43779.3,missing side
2026-10-01T08:10:21.019400+00:00,NAMM,NASDAQ,7.462686567164198,1.08,440240,2026-09-30T20:00:00.019108682Z,0.8299,100,1.1,100,V,V,43821.0,two-sided
2026-10-01T08:10:21.019400+00:00,NCT,NASDAQ,5.820105820105825,2,434541,2026-09-30T20:00:02.229964175Z,1.3,100,0,0,V, ,43818.8,missing side
2026-10-01T08:10:21.019400+00:00,QTTB,NASDAQ,5.87618048268626,10.09,423264,2026-09-30T20:00:01.138599584Z,6.96,100,9.72,100,V,V,43819.9,two-sided
2026-10-01T08:10:21.019400+00:00,MSGY,NASDAQ,11.03603603603602,4.93,279151,2026-09-30T20:00:05.245019508Z,4.83,100,0,0,V, ,43815.8,missing side
2026-10-01T08:10:21.019400+00:00,SEED,NASDAQ,5.15021459227467,0.98,276376,2026-09-30T20:00:02.494846231Z,0.6496,100,0,0,V, ,43818.5,missing side
2026-10-01T08:10:21.019400+00:00,BTCT,NASDAQ,7.727272727272723,1.185,199868,2026-09-30T20:00:00.860731098Z,0.9546,100,1.28,100,V,V,43820.2,two-sided
2026-10-01T08:10:21.019400+00:00,ONMD,NASDAQ,7.306023726340852,5.59,190348,2026-09-30T20:00:00.23932719Z,4.92,100,5.99,400,V,V,43820.8,two-sided
2026-10-01T08:10:21.019400+00:00,DFDV,NASDAQ,5.026929982046667,5.85,78301,2026-09-30T20:00:01.124349256Z,4.61,100,6.39,100,V,V,43819.9,two-sided
2026-10-01T08:10:21.019400+00:00,PWCM,NASDAQ,11.460127672509888,1.1,55062,2026-09-30T20:00:00.074005513Z,0.946,100,1.29,100,V,V,43820.9,two-sided
